"sitemType","sClass","bIsSpecial","sID","sHUDanimName","sHUDanimNameIcon","fSpeedPenaltyPercent","sMuzzleFlashAnim","sTemplateOverwrite","sScript_OnFire","sScript_OnEmpty","sScript_OnFireALT","Sync","mSync","bAnimSync","bBulletChamber","fShooterSpeedSlowingPercent","fAimFOV","fMuzzleLightSize","bHasLaserSight","fSpreadFOV","fAimErrorMaxFOV","fAimErrorAddPerShot","fAimErrorMulPerShot","fAimErrorCooldownPerSec","nClipSize","nReloadUnitSize","fReloadTimePerUnit","fFireRatePerSec","bCanResetFireRate","nBurstSize","sActorShootVerse","bCanShootFromCrouch","bCanShootFromCover","bCanShootFromAir","bCanShootFromLadders","nDropShellFrame","bUsesMainWeaponAmmo","sSndShoot","sSndShoot2","sSndReload","sSndReload2","sSndEmpty","sSndEmpty2","sBulletType","nBulletsPerShot","fBulletDamage","fBulletDamageObjects","nArmorPiercingRating","fBulletDamageLossPPx","fBulletLife","fBulletMomentum","fBulletCriticalChance","fBulletStunDuration","fBulletSpeed","sBulletExploTemplate","bBulletDirectional","bBulletIgnoreArmor","bBulletIgnoreCover","bBulletDieOnImpact","bBulletCanSplat","fBulletSelfDamageMultiplier","fSoundRadius"
"Gun","Assaulter","","WPN_SMG_MP5A3","WEAPON_SMG_MP5A3","","0.0","MUZZLE_SMG1","","","","","","","false","true","0.2","","1.0","","0.05","0.28","0.015","1.12","0.74","30","30","1.6","13.0","false","0","","true","false","true","false","0","","GUN_MP5_01","GUN_MP5_02","RELOAD_TACTICAL","RELOAD_EMERGENCY","GUN_EMPTY_01","GUN_EMPTY_02","BULLET_TRACER1","1","20.0","","1","0.0","0.25","0.02","0.0","0.025","1000.0","","","false","false","true","","","240.0"
"Gun","Assaulter","","WPN_SMG_UMP45","WEAPON_SMG_UMP45","","0.0","MUZZLE_SMG1","","","","","","","false","true","0.2","","1.0","","0.05","0.45","0.035","1.35","2.0","25","25","1.5","10.0","false","0","","true","false","true","false","0","","GUN_UMP45_01","GUN_UMP45_02","RELOAD_TACTICAL","","GUN_EMPTY_01","GUN_EMPTY_02","BULLET_TRACER1","1","40.0","","1","0.0","0.25","0.03","0.0","0.03","1000.0","","","false","false","true","","","240.0"
"Gun","Assaulter","","WPN_CARABINE_M4A1","WEAPON_SMG_M4A1","","0.0","MUZZLE_SMG1","","","","","","false","","true","0.2","","1.0","","0.005","0.7","0.0055","3.8","3","30","30","1.4","11.0","false","0","","true","false","true","false","0","","GUN_M4_01","GUN_M4_02","RELOAD_TACTICAL","","GUN_EMPTY_01","GUN_EMPTY_02","BULLET_TRACER1","1","55.0","","3","0.1","0.4","0.02","0.0","0.025","1000.0","","","false","false","true","","","240.0"
"Gun","Assaulter","","WPN_MCX300_CARBINE","WEAPON_MCX300_CARBINE","","0.0","MUZZLE_SMG1","","","","","false","","","true","0.2","","1.0","","0.01","0.65","0.1","3.8","5.5","30","30","1.4","10.0","false","0","","true","false","true","false","0","","GUN_MCX300_01","GUN_MCX300_02","RELOAD_TACTICAL","RELOAD_EMERGENCY","GUN_EMPTY_01","GUN_EMPTY_02","BULLET_TRACER1","1","55.0","","3","0.0","0.35","0.04","0.0","0.03","1000.0","","","false","false","true","","","240.0"
"Gun","Assaulter","","WPN_SMG_P90","WEAPON_P90","","0.0","MUZZLE_SMG1","","","","","","","false","true","0.2","","1.0","","0.09","0.25","0.012","1.12","0.7","50","50","2","15.0","false","0","","true","false","true","false","0","","GUN_P90_01","GUN_P90_02","RELOAD_TACTICAL","RELOAD_EMERGENCY","GUN_EMPTY_01","GUN_EMPTY_02","BULLET_TRACER1","1","17.0","","3","0.0","0.3","0.011","0.0","0.0","1000.0","","","false","false","true","","","240.0"
"Gun","Assaulter","","WPN_SMG_MP7","WEAPON_SMG_MP7PDW","","0.0","MUZZLE_SMG1","","","","","","","false","true","0.18","","1.0","","0.041","0.25","0.012","1.12","0.7","40","40","1.4","15.5","false","0","","true","false","true","false","0","","GUN_MP7_01","GUN_MP7_02","RELOAD_TACTICAL","RELOAD_EMERGENCY","GUN_EMPTY_01","GUN_EMPTY_02","BULLET_TRACER1","1","18.0","","3","0.015","0.3","0.01","0.0","0.0","1000.0","","","false","false","true","","","240.0"
"Gun","Breacher","","","WEAPON_SHOTGUN_M590","","","MUZZLE_M1","","","","WPNSCRIPT_ALT_ONLY","","","true","false","0.3","","1.0","","0.1","0.5","0.05","1.35","0.4","8","1","0.4","1.8","false","0","","true","false","true","false","1","","GUN_MOSSBERG_590A_01_PUMP","GUN_MOSSBERG_590A_02_PUMP","RELOAD_SHOTGUN_SHELL","","GUN_EMPTY_01","GUN_EMPTY_02","BULLET_SHOTGUN","8","18.0","15.0","0","0.016","0.18","0.5","","0.1","900.0","","","false","false","false","true","0.2","300.0"
"Gun","Breacher","","WPN_SHOTGUN_M870","WEAPON_SHOTGUN_M870","","-0.055","MUZZLE_M1","","","","WPNSCRIPT_ALT_ONLY","","","true","false","0","","1.0","","0.135","0.5","0.05","1.35","0.4","4","1","0.4","1.8","false","0","","true","false","true","false","1","","GUN_REMINGTON_870_01_PUMP","GUN_REMINGTON_870_02_PUMP","RELOAD_SHOTGUN_SHELL","","GUN_EMPTY_01","GUN_EMPTY_02","BULLET_SHOTGUN","8","18.0","15.0","0","0.03","0.16","0.2","","0.1","900.0","","","false","false","","true","0.35","300.0"
"Gun","Breacher","","WPN_SHOTGUN_JCOMBAT","WEAPON_SHOTGUN_JCOMBAT","","","MUZZLE_M1","UPGRADE_SHOTGUN_AUTOSHOOT","","","WPNSCRIPT_ALT_ONLY","","","true","false","0.33","","1.0","","0.12","0.9","0.5","0.4","0.4","5","1","0.4","3.0","true","0","","true","false","true","false","1","","GUN_JC_SHOTGUN_01","GUN_JC_SHOTGUN_02","RELOAD_SHOTGUN_SHELL","","GUN_EMPTY_01","GUN_EMPTY_02","BULLET_SHOTGUN","8","16.5","15.0","0","0.022","0.18","0.2","","0.1","900.0","","","false","false","false","true","0.29","300.0"
"Gun","Breacher","","WPN_SHOTGUN_S12K","WEAPON_SHOTGUN_S12K","","","MUZZLE_SHOTGUN","UPGRADE_SHOTGUN_SEMIAUTO","","","","","","true","true","0.3","","1.0","","0.15","1.1","0.1","1.8","1.2","7","7","1.65","2.8","true","0","","true","false","true","false","1","","GUN_S12K_01","GUN_S12K_02","RELOAD_TACTICAL","","GUN_EMPTY_01","GUN_EMPTY_02","BULLET_SHOTGUN","8","15.0","15.0","0","0.035","0.2","0.2","","0.1","900.0","","","false","false","false","true","0.35","300.0"
"Gun","Breacher","","WPN_SHOTGUN_KSG","WEAPON_SHOTGUN_KSG","WPNALT_AMMO_CHANGEBACK","","MUZZLE_SHOTGUN","UPGRADE_BREACHER_KSG","","","WPNSCRIPT_SWITCH_PRIM_ALT","","","true","false","0.3","","1.0","","0.11","1.1","0.1","1.8","1.2","5","1","0.4","2.0","false","0","","true","false","true","false","1","","GUN_KSG_01_PUMP","GUN_KSG_02_PUMP","RELOAD_SHOTGUN_SHELL","","GUN_EMPTY_01","GUN_EMPTY_02","BULLET_SHOTGUN","8","16.5","15.0","0","0.024","0.2","0.2","","0.1","900.0","","","false","false","false","true","0.35","300.0"
"Gun","Breacher","","WPN_SHOTGUN_KSG_SLUGS","WEAPON_SHOTGUN_KSG_SLUG","WPNALT_AMMO_CHANGE","","MUZZLE_M1","UPGRADE_BREACHER_KSG","","","WPNSCRIPT_SWITCH_PRIM_ALT","","","true","false","0.3","","1.0","","0.045","1.1","0.1","1.8","1.2","5","1","0.4","2.0","false","0","","true","false","true","false","2","","GUN_SLUG_01_PUMP","GUN_SLUG_02_PUMP","RELOAD_SHOTGUN_SHELL","","GUN_EMPTY_01","GUN_EMPTY_02","BULLET_SHOTGUN_SLUG","1","200.0","","1","0.0","0.7","1.8","","0.05","525.0","","","false","false","","true","","240.0"
"Gun","Breacher","","WPN_SHOTGUN_HK512","WEAPON_SHOTGUN_HK512","WPNALT_PARALLEL","","MUZZLE_M1","UPGRADE_BREACHER_HK512","","","WPNSCRIPT_SWITCH_PRIM_ALT_KEEPAMMO","","","true","false","0.31","","1.0","","0.165","0.9","0.5","0.4","0.5","7","1","0.45","2.7","true","0","","true","false","true","false","1","","GUN_JC_SHOTGUN_01","GUN_JC_SHOTGUN_02","RELOAD_SHOTGUN_SHELL","","GUN_EMPTY_01","GUN_EMPTY_02","BULLET_SHOTGUN","8","18.0","15.0","0","0.025","0.2","0.4","","0.1","900.0","","","false","false","true","true","","300.0"
"Gun","Breacher","","WPN_SHOTGUN_HK512_HORIZONTAL","WEAPON_SHOTGUN_HK512","WPNALT_SPREAD","","MUZZLE_M1","UPGRADE_BREACHER_HK512","","","WPNSCRIPT_SWITCH_PRIM_ALT_KEEPAMMO","","","true","false","0.31","","1.0","","0.035","0.45","0.5","0.4","0.5","7","1","0.45","2.7","true","0","","true","false","true","false","1","","GUN_JC_SHOTGUN_01","GUN_JC_SHOTGUN_02","RELOAD_SHOTGUN_SHELL","","GUN_EMPTY_01","GUN_EMPTY_02","BULLET_SHOTGUN","8","15.0","15.0","0","0.01","0.25","0.2","","0.1","900.0","","","false","false","false","true","0.9","300.0"
"Gun","Breacher","","WPN_SHOTGUN_SIX12REVO","WEAPON_SIX12REVO","WPNALT_AMMO_CHANGEBACK","","MUZZLE_SHOTGUN","UPGRADE_BREACHER_SIX12","","","WPNSCRIPT_SWITCH_PRIM_ALT_FILLAMMO","","","true","false","0.33","","1.0","","0.09","1.1","0.1","1.95","1.2","6","6","2.1","2.2","false","0","","true","false","true","false","1","","GUN_KSG_01","GUN_KSG_02","RELOAD_TACTICAL","","GUN_EMPTY_01","GUN_EMPTY_02","BULLET_SHOTGUN","8","15.0","15.0","0","0.02","0.2","0.2","","0.1","900.0","","","false","false","false","true","0.35","300.0"
"Gun","Breacher","","WPN_SHOTGUN_SIX12REVO_SLUG","WEAPON_SIX12REVO_SLUGS","WPNALT_AMMO_CHANGE","","MUZZLE_M1","UPGRADE_BREACHER_SIX12","","","WPNSCRIPT_SWITCH_PRIM_ALT_FILLAMMO","","","true","false","0.33","","1.0","","0.035","1.1","0.5","1.8","1.2","6","6","2.1","2.2","false","0","","true","false","true","false","2","","GUN_SLUG_01","GUN_SLUG_02","RELOAD_TACTICAL","","GUN_EMPTY_01","GUN_EMPTY_02","BULLET_SHOTGUN_SLUG","1","200.0","","1","0.0","0.6","1.8","","0.05","525.0","","","false","false","","true","","240.0"
"Gun","Shield","","WPN_SWAT_REVOLVER","WEAPON_SWAT_REVOLVER","","","MUZZLE_GUN","","","","","","","false","false","0.1","","1.0","","0.02","0.2","0.045","1.5","1.5","8","8","1.85","4.0","false","0","","true","false","true","false","0","","gun_magnum_357_01","gun_magnum_357_02","RELOAD_REVOLVER","","GUN_EMPTY_01","GUN_EMPTY_02","BULLET_TRACER1","1","45.0","","1","0.08","0.28","0.08","0.0","0.05","1000.0","","","false","false","true","","","160.0"
"Gun","Shield","","WPN_PISTOL_G18C","WEAPON_G18C_AUTO_PISTOL","","","MUZZLE_SMG1","","","","","","","false","true","0.12","","1.0","","0.1","0.4","0.04","1.8","1.6","19","19","1.8","16.0","false","0","","true","false","true","false","0","","GUN_GLOCK_17_01","GUN_GLOCK_17_02","RELOAD_TACTICAL","","GUN_EMPTY_01","GUN_EMPTY_02","BULLET_TRACER1","1","30.0","","1","0.095","0.24","0.06","0.0","0.05","1000.0","","","false","false","true","","","160.0"
"Gun","Shield","","WPN_PISTOL_G17","WEAPON_PISTOL_G17","","","MUZZLE_GUN","","","","","","","false","true","0.1","","1.0","","0.065","0.2","0.045","1.5","1.6","17","17","1.5","5.0","true","0","","true","false","true","false","0","","GUN_GLOCK_17_01","GUN_GLOCK_17_02","RELOAD_TACTICAL","","GUN_EMPTY_01","GUN_EMPTY_02","BULLET_TRACER1","1","33.0","","1","0.085","0.24","0.06","0.0","0.05","1000.0","","","false","false","true","","","160.0"
"Gun","Shield","","WPN_PISTOL_P226","WEAPON_PISTOL_P226","","","MUZZLE_S1","","","","","","","false","true","0.0","","1.0","","0.025","0.2","0.065","2.0","1.5","15","15","1.35","5.0","true","0","","true","false","true","false","0","","GUN_P226_01","GUN_P226_02","RELOAD_TACTICAL","","GUN_EMPTY_01","GUN_EMPTY_02","BULLET_TRACER1","1","35.0","","1","0.081","0.24","0.5","0.0","0.05","1000.0","","","false","false","true","","","160.0"
"Gun","Shield","","WPN_PISTOL_MP40","WEAPON_PISTOL_MP40","","","MUZZLE_S1","","","","","","","false","true","0.1","","1.0","","0.065","0.5","0.06","2.0","1.7","15","15","1.5","5.0","true","0","","true","false","true","false","0","","GUN_MP40_01","GUN_MP40_02","RELOAD_TACTICAL","","GUN_EMPTY_01","GUN_EMPTY_02","BULLET_TRACER1","1","40.0","","1","0.10","0.25","0.08","0.0","0.05","1000.0","","","false","false","true","","","160.0"
"Gun","Shield","","WPN_PISTOL_1911","WEAPON_PISTOL_1911","","","MUZZLE_S1","","","","","","","false","true","0.11","","1.0","","0.05","0.6","0.17","1.0","1.6","7","7","1.3","5.0","true","0","","true","false","true","false","0","","GUN_1911_45ACP_01","GUN_1911_45ACP_02","RELOAD_TACTICAL","","GUN_EMPTY_01","GUN_EMPTY_02","BULLET_TRACER1","1","51.0","","0","0.011","0.25","0.09","0.0","0.05","1000.0","","","false","false","true","","","160.0"
"Gun","Shield","","WPN_PISTOL_FIVESEVEN","WEAPON_PISTOL_FIVESEVEN","","","MUZZLE_S1","","","","","","","false","true","0.12","","1.0","","0.065","0.2","0.01","1.1","1.4","20","20","1.8","6.2","true","0","","true","false","true","false","0","","GUN_FIVESEVEN_01","GUN_FIVESEVEN_02","RELOAD_TACTICAL","","GUN_EMPTY_01","GUN_EMPTY_02","BULLET_TRACER1","1","26.0","","3","0.0","0.25","0.02","0.0","0.0","1000.0","","","false","false","true","","","160.0"
"Gun","Agent","","WPN_FBI_REVOLVER","WEAPON_FBI_REVOLVER","","","MUZZLE_GUN","","","","","","","false","false","0.0","","1.0","","0.015","0.3","1","1.2","1.6","6","6","1.2","4.2","false","0","","true","false","true","false","0","","GUN_MAGNUM_44_01","GUN_MAGNUM_44_02","RELOAD_REVOLVER","","GUN_EMPTY_01","GUN_EMPTY_02","BULLET_TRACER1","1","66.0","","1","0.085","0.25","1.5","0.0","0.16","1000.0","","","false","false","true","","","160.0"
"Gun","Agent","","WPN_FBI_REVOLVER_AIMED","","WPNALT_AIMED","","","UPGRADE_FBI_REVOLVER_AIMED","","","","","","true","","100.0","","1.0","true","0.0","0.0","0.0","","1.0","-1","","","0.5","false","0","","true","false","false","false","0","true","GUN_MAGNUM_44_01","","RELOAD_TACTICAL","","GUN_EMPTY_01","GUN_EMPTY_02","BULLET_TRACER_AIMED_SHOT","1","150.0","","5","0.0","0.3","0.5","0.0","0.05","1000.0","","","false","false","true","","","240.0"
"Gun","Agent","","WPN_PISTOL_G19M_FBI","WEAPON_PISTOL_G17","","","MUZZLE_GUN","","","","","","","false","true","0.0","","1.0","","0.03","0.23","0.15","1.25","1.7","15","15","1.5","5.5","true","0","","true","false","true","false","0","","GUN_GLOCK19M_01","GUN_GLOCK19M_02","RELOAD_REVOLVER","","GUN_EMPTY_01","GUN_EMPTY_02","BULLET_TRACER1","1","33.0","","1","0.08","0.24","0.5","0.0","0.05","1000.0","","","false","false","true","","","160.0"
"Gun","Agent","","WPN_PISTOL_MP40_FBI","WEAPON_PISTOL_MP40","","","MUZZLE_S1","","","","","","","false","true","0.0","","1.0","","0.03","0.23","0.15","1.3","1.7","15","15","1.5","5.1","true","0","","true","false","true","false","0","","GUN_MP40_01","GUN_MP40_02","RELOAD_REVOLVER","","GUN_EMPTY_01","GUN_EMPTY_02","BULLET_TRACER1","1","40.0","","1","0.10","0.25","0.08","0.0","0.05","1000.0","","","false","false","true","","","160.0"
"Gun","Agent","","WPN_PISTOL_1911_FBI","WEAPON_PISTOL_1911","","","MUZZLE_S1","","","","","","","false","true","0.0","","1.0","","0.03","0.65","0.3","1.5","3","7","7","1.3","5.0","true","0","","true","false","true","false","0","","GUN_1911_45ACP_01","GUN_1911_45ACP_02","RELOAD_REVOLVER","","GUN_EMPTY_01","GUN_EMPTY_02","BULLET_TRACER1","1","51.0","","0","0.011","0.25","0.09","0.0","0.05","1000.0","","","false","false","true","","","160.0"
"Gun","Agent","","WPN_PISTOL_MODEL1076_FBI","WEAPON_PISTOL_M1076","","","MUZZLE_S1","","","","","","","false","true","0.0","","1.0","","0.03","0.4","0.25","1.6","2.0","11","11","1.3","4.0","true","0","","true","false","true","false","0","","GUN_SW1076_10MM_01","GUN_SW1076_10MM_02","RELOAD_REVOLVER","","GUN_EMPTY_01","GUN_EMPTY_02","BULLET_TRACER1","1","54.0","","1","0.1","0.25","0.08","0.0","0.05","1000.0","","","false","false","true","","","160.0"
"Gun","Agent","","WPN_PISTOL_FIVESEVEN_FBI","WEAPON_PISTOL_FIVESEVEN","","","MUZZLE_S1","","","","","","","false","true","0.1","","1.0","","0.05","0.2","0.05","1.5","1.4","20","20","1.4","6.2","true","0","","true","false","true","false","0","","GUN_FIVESEVEN_01","GUN_FIVESEVEN_02","RELOAD_REVOLVER","","GUN_EMPTY_01","GUN_EMPTY_02","BULLET_TRACER1","1","26.0","","3","0.0","0.25","0.0","0.0","0.0","1000.0","","","false","false","true","","","160.0"
"Gun","Agent","","WPN_PISTOL_G18C_FBI","WEAPON_G18C_AUTO_PISTOL","","","MUZZLE_SMG1","","","","","","","false","true","0.0","","1.0","","0.025","0.35","0.035","1.8","1.7","19","19","1.6","16.0","false","0","","true","false","true","false","0","","GUN_GLOCK_17_01","GUN_GLOCK_17_02","RELOAD_TACTICAL","","GUN_EMPTY_01","GUN_EMPTY_02","BULLET_TRACER1","1","30.0","","1","0.095","0.24","0.06","0.0","0.05","1000.0","","","false","false","true","","","160.0"
"Gun","Recon","","WPN_SMG_MP5SD","WEAPON_SMG_MP5_SD","","0.0","MUZZLE_SILENT2","","","","","","","false","true","0.2","","0.5","","0.08","0.18","0.01","1.11","0.74","30","30","1.9","11.6","false","0","","true","false","true","false","0","","GUN_MP5SD_01","GUN_MP5SD_02","RELOAD_TACTICAL","RELOAD_EMERGENCY","GUN_EMPTY_01","GUN_EMPTY_02","BULLET_TRACER1","1","15.0","","0","0.0","0.16","0.0","0.0","0.02","800.0","","","false","false","true","","","50.0"
"Gun","Recon","","WPN_RECONMP5SD_STEADY","","WPNALT_AIMED","","","UPGRADE_RECON_AIMED","","","","","","true","","100.0","","0.5","true","0.0","0.0","0.0","","1.0","-1","","","0.5","false","0","","true","false","false","false","0","true","GUN_MP5SD_02","","RELOAD_TACTICAL","","GUN_EMPTY_01","GUN_EMPTY_02","BULLET_TRACER_AIMED_SHOT","1","100.0","","5","0.0","0.225","0.5","0.0","0.05","800.0","","","false","false","true","","","50.0"
"Gun","Recon","","WPN_MP5SD_AIMED","","WPNALT_RECON_AIMED","","MUZZLE_SILENT2","","","","","","","false","","0.2","","0.5","","0.018","0.28","0.015","1.12","0.74","-1","","","9.0","false","0","","true","false","true","false","0","true","GUN_MP5SD_01","GUN_MP5SD_02","RELOAD_TACTICAL","RELOAD_EMERGENCY","GUN_EMPTY_01","GUN_EMPTY_02","BULLET_TRACER_RECON","1","20.0","","0","0.03","0.225","0.0","0.0","0.025","800.0","","","false","false","true","","","50.0"
"Gun","Recon","","WPN_SMG_MP7SD","WEAPON_SMG_MP7_SD","","0.0","MUZZLE_SILENT2","","","","","","","false","true","0.2","","0.5","","0.08","0.21","0.011","1.12","0.74","30","30","1.8","15.0","false","0","","true","false","true","false","0","","GUN_MP7SD_01","GUN_MP7SD_02","RELOAD_TACTICAL","RELOAD_EMERGENCY","GUN_EMPTY_01","GUN_EMPTY_02","BULLET_TRACER1","1","15.5","","3","0.0","0.12","0.01","0.0","0.025","1500.0","","","false","false","true","","","84.0"
"Gun","Recon","","WPN_MP7SD_AIMED","","WPNALT_RECON_AIMED","","MUZZLE_SILENT2","","","","","","","false","","0.2","","0.5","","0.024","0.24","0.012","1.12","0.74","-1","","","7.5","false","0","","true","false","true","false","0","true","GUN_MP7SD_01","GUN_MP7SD_02","RELOAD_TACTICAL","RELOAD_EMERGENCY","GUN_EMPTY_01","GUN_EMPTY_02","BULLET_TRACER_RECON","1","17.0","","3","0.0","0.21","0.01","0.0","0.025","1500.0","","","false","false","true","","","84.0"
"Gun","Recon","","WPN_SMG_UZI","WEAPON_SMG_UZI_SD","","0.0","MUZZLE_SMG1","","","","","","","false","false","0.2","","1.0","","0.08","0.28","0.015","1.12","0.74","25","25","1.5","11.0","false","0","","true","false","true","false","0","","GUN_UZI_SMG_01","GUN_UZI_SMG_02","RELOAD_TACTICAL","RELOAD_EMERGENCY","GUN_EMPTY_01","GUN_EMPTY_02","BULLET_TRACER1","1","20.0","","1","0.0","0.13","0.02","0.0","0.025","1000.0","","","false","false","true","","","240.0"
"Gun","Recon","","WPN_UZI_AIMED","","WPNALT_RECON_AIMED","","MUZZLE_SMG1","","","","","","","false","","0.2","","1.0","","0.025","0.28","0.013","2.25","0.74","-1","","","8.0","false","0","","true","false","true","false","0","true","GUN_UZI_SMG_01","GUN_UZI_SMG_02","RELOAD_TACTICAL","RELOAD_EMERGENCY","GUN_EMPTY_01","GUN_EMPTY_02","BULLET_TRACER_RECON","1","25.0","","1","0.01","0.19","0.02","0.0","0.025","1000.0","","","false","false","true","","","240.0"
"Gun","Recon","","WPN_SMG_CBJ","WEAPON_SMG_CBJ_SD","","0.0","MUZZLE_SMG1","","","","","","","false","false","0.2","","1.0","","0.1","0.3","0.015","1.13","0.74","30","30","1.5","11.6","false","0","","true","false","true","false","0","","GUN_CBJMS_01","GUN_CBJMS_02","RELOAD_TACTICAL","RELOAD_EMERGENCY","GUN_EMPTY_01","GUN_EMPTY_02","BULLET_TRACER1","1","17.0","","4","0.0","0.12","0.02","0.0","0.03","1000.0","","","false","false","true","","","240.0"
"Gun","Recon","","WPN_CBJ_AIMED","","WPNALT_RECON_AIMED","","MUZZLE_SMG1","","","","","","","false","","0.2","","1.0","","0.06","0.28","0.019","1.25","0.74","-1","","","8.0","false","0","","true","false","true","false","0","true","GUN_CBJMS_01","GUN_CBJMS_02","RELOAD_TACTICAL","RELOAD_EMERGENCY","GUN_EMPTY_01","GUN_EMPTY_02","BULLET_TRACER_RECON","1","20.0","","4","0.0","0.21","0.02","0.0","0.03","1000.0","","","false","false","true","","","240.0"
"Gun","Recon","","WPN_SMG_MP9SD","WEAPON_SMG_MP9_SD","","0.0","MUZZLE_SILENT2","","","","","","","false","true","0.2","","0.5","","0.1","0.3","0.01","1.12","0.74","25","25","1.65","18.3","false","0","","true","false","true","false","0","","GUN_MP9SD_01","GUN_MP9SD_02","RELOAD_TACTICAL","RELOAD_EMERGENCY","GUN_EMPTY_01","GUN_EMPTY_02","BULLET_TRACER1","1","15.5","","1","0.0","0.12","0.015","0.0","0.019","1000.0","","","false","false","true","","","64.0"
"Gun","Recon","","WPN_MP9SD_AIMED","","WPNALT_RECON_AIMED","","MUZZLE_SILENT2","","","","","","","false","","0.2","","0.5","","0.05","0.25","0.02","1.25","0.74","-1","","","9.0","false","0","","true","false","true","false","0","true","GUN_MP9SD_01","GUN_MP9SD_02","RELOAD_TACTICAL","RELOAD_EMERGENCY","GUN_EMPTY_01","GUN_EMPTY_02","BULLET_TRACER_RECON","1","18.0","","1","0.0","0.19","0.015","0.0","0.019","1000.0","","","false","false","true","","","64.0"
"Gun","Recon","","WPN_SHOTGUN_SIX12SD","WEAPON_SIX12SUPR","","","MUZZLE_SILENT2","UPGRADE_RECON_SIX12","","WPNSCRIPT_RESET_WEAPONS","WPNSCRIPT_RESET_WEAPONS","","","true","false","0.15","","0.5","","0.16","0.3","0.1","1.95","1.2","6","0","2.4","2.2","false","0","","true","false","true","false","1","","GUN_SIX12_SD_01","GUN_SIX12_SD_02","RELOAD_TACTICAL","","GUN_EMPTY_01","GUN_EMPTY_02","BULLET_SHOTGUN","9","15.0","16.0","0","0.015","0.11","0.2","","0.11","900.0","","","false","false","false","true","0.02","64.0"
"Gun","ODG","","WPN_SHOTGUN_HDEFENSE","WEAPON_SHOTGUN_HDEFENSE","","","MUZZLE_M1","","","","WPNSCRIPT_ALT_ONLY","","","true","false","0.3","","1.0","","0.1","0.5","0.05","1.35","0.4","8","1","0.4","1.8","false","0","","true","false","true","false","1","","GUN_MOSSBERG_590A_01","GUN_MOSSBERG_590A_02","RELOAD_SHOTGUN_SHELL","","GUN_EMPTY_01","GUN_EMPTY_02","BULLET_SHOTGUN","8","18.0","15.0","0","0.016","0.18","0.5","","0.1","900.0","","","false","false","false","true","0.2","300.0"
"Gun","ODG","","WPN_SHOTGUN_SLUG_HDEFENSE","WEAPON_SHOTGUN_SLUG_M590","WPNALT_SLUG","","MUZZLE_M1","UPGRADE_SHOTGUN_ALT_SLUG","","WPNSCRIPT_RESET_WEAPONS","","","","true","","100.0","","1.0","","0.03","0.0","0.0","","1.0","-1","","","0.5","false","0","","true","false","true","false","2","","GUN_SLUG_01","GUN_SLUG_02","RELOAD_SHOTGUN_SHELL","","GUN_EMPTY_01","GUN_EMPTY_02","BULLET_SHOTGUN_SLUG","1","200.0","","1","0.0","0.7","1.8","","0.05","525.0","","","false","false","","true","","240.0"
"Gun","ODG","","WPN_TRUNK_CARBINE","WEAPON_TRUNK_CARBINE","","0.04","MUZZLE_SMG1","","","","","","","false","true","0.2","","1.0","","0.003","0.45","0.1","3.8","2.5","30","30","1.4","6.0","true","0","","true","false","true","false","0","","GUN_M4_01","GUN_M4_02","RELOAD_TACTICAL","RELOAD_EMERGENCY","GUN_EMPTY_01","GUN_EMPTY_02","BULLET_TRACER1","1","45.0","","3","0.05","0.4","0.02","0.0","0.025","1000.0","","","false","false","true","","","240.0"
"Gun","ODG","","WPN_TRAPPER_RIFLE","WEAPON_TRAPPER","","-0.06","MUZZLE_S1","UPGRADE_OFFDUTY_TRAPPER","","","","","","true","false","0.2","","1.0","","0.05","0.25","0.012","1.12","0.7","10","1","0.45","1.95","false","0","","true","false","true","false","0","","TRAPPER01","TRAPPER02","RELOAD_SHOTGUN_SHELL","","GUN_EMPTY_01","GUN_EMPTY_02","BULLET_SHOTGUN_SLUG","1","89.0","","1","0.05","0.4","4.1","0.0","0.15","1000.0","","","false","false","true","","","240.0"
"Gun","ODG","","WPN_TRICKED_OUT_AK","WEAPON_SMG_TRICKED_AK","","0.0","MUZZLE_SILENT2","","","","","","","false","true","0.2","","0.3","","0.07","0.5","0.012","3.3","0.7","30","30","2","6.0","false","0","","true","false","true","false","0","","GUN_MP7SD_01","GUN_MP7SD_02","RELOAD_TACTICAL","RELOAD_EMERGENCY","GUN_EMPTY_01","GUN_EMPTY_02","BULLET_TRACER1","1","50.0","","3","0.05","0.35","0.03","0.0","0.0","1000.0","","","false","false","true","","","240.0"
"Gun","ODG","","WPN_ULTIMATE_GARAND","WEAPON_GARAND","","","MUZZLE_SMG1","UPGRADE_OFFDUTY_GARAND","","WPNSCRIPT_RESET_WEAPONS","WPNSCRIPT_RESET_WEAPONS","","","true","false","0.2","","1.0","","0.025","0.63","0.4","1.3","2.2","8","0","1.0","3.5","true","0","","true","false","true","false","1","","GUN_MCX300_01","GUN_MCX300_02","RELOAD_SHOTGUN_SHELL","","GUN_EMPTY_01","GUN_EMPTY_02","BULLET_TRACER1","1","99.0","1.0","5","0.0","0.4","5.0","","0.7","800.0","","","false","false","true","false","","360.0"
"Gun","Agent","true","WPN_PISTOL_G19M_FBI_ALTFIRE","","WPNALT_DOUBLE_TAP","","MUZZLE_GUN","","","","","","","true","false","0.1","","1.0","","0.05","0.66","0.045","1.5","1.6","-1","","","1.2","false","0","","true","false","true","false","0","true","GUN_GLOCK19M_01","GUN_GLOCK19M_02","RELOAD_REVOLVER","","GUN_EMPTY_01","GUN_EMPTY_02","BULLET_TRACER1","1","40.0","","1","0.085","0.24","0.75","0.0","0.1","1000.0","","","false","false","true","","","160.0"
"Gun","Agent","true","WPN_PISTOL_MP40_FBI_ALTFIRE","","WPNALT_DOUBLE_TAP","","MUZZLE_S1","","","","","","","true","false","0.1","","1.0","","0.05","0.66","0.045","1.5","1.6","-1","","","1.0","false","0","","true","false","true","false","0","true","GUN_MP40_01","GUN_MP40_02","RELOAD_REVOLVER","","GUN_EMPTY_01","GUN_EMPTY_02","BULLET_TRACER1","1","48.0","","1","0.10","0.24","0.85","0.0","0.1","1000.0","","","false","false","true","","","160.0"
"Gun","Agent","true","WPN_PISTOL_1911_FBI_ALTFIRE","","WPNALT_DOUBLE_TAP","","MUZZLE_S1","","","","","","","true","false","0.11","","1.0","","0.03","0.5","0.4","0.0","0.0","-1","","","0.8","false","0","","true","false","true","false","0","true","GUN_1911_45ACP_01","GUN_1911_45ACP_02","RELOAD_REVOLVER","","GUN_EMPTY_01","GUN_EMPTY_02","BULLET_TRACER1","1","61.0","","0","0.011","0.25","1.2","0.0","0.2","1000.0","","","false","false","true","","","160.0"
"Gun","Agent","true","WPN_PISTOL_MODEL1076_FBI_ALTFIRE","","WPNALT_DOUBLE_TAP","","MUZZLE_GUN","","","","","","","true","false","0.1","","1.0","","0.04","0.55","0.045","1.5","1.6","-1","","","0.8","false","0","","true","false","true","false","0","true","GUN_SW1076_10MM_01","GUN_SW1076_10MM_02","RELOAD_REVOLVER","","GUN_EMPTY_01","GUN_EMPTY_02","BULLET_TRACER1","1","63.0","","1","0.1","0.25","0.9","0.0","0.2","1000.0","","","false","false","true","","","160.0"
"Gun","Agent","true","WPN_PISTOL_FIVESEVEN_FBI_ALTFIRE","","WPNALT_DOUBLE_TAP","","MUZZLE_GUN","","","","","","","true","false","0.1","","1.0","","0.05","0.15","0.04","1.3","1.6","-1","","","1.2","false","0","","true","false","true","false","0","true","GUN_FIVESEVEN_01","GUN_FIVESEVEN_02","RELOAD_REVOLVER","","GUN_EMPTY_01","GUN_EMPTY_02","BULLET_TRACER1","1","33.0","","3","0.0","0.25","0.0","0.0","0.0","1000.0","","","false","false","true","","","160.0"
"Gun","Assaulter","true","WPN_SUBMACHINE_STEADY","","WPNALT_AIMED","","","","","","","","","true","","100.0","","1.0","true","0.0","0.0","0.0","","1.0","-1","","","0.5","false","0","","true","false","false","false","0","true","GUN_MP5_01","","RELOAD_TACTICAL","","GUN_EMPTY_01","GUN_EMPTY_02","BULLET_TRACER_AIMED_SHOT","1","150.0","","5","0.0","0.3","0.5","0.0","0.05","1000.0","","","false","false","true","","","240.0"
"Gun","Breacher","true","WPN_SHOTGUN_SLUG","WEAPON_SHOTGUN_SLUG","WPNALT_SLUG","","MUZZLE_M1","UPGRADE_SHOTGUN_ALT_SLUG","","WPNSCRIPT_RESET_WEAPONS","","","","true","","100.0","","1.0","","0.03","0.0","0.0","","1.0","-1","","","0.5","false","0","","true","false","true","false","2","","GUN_SLUG_01","GUN_SLUG_02","RELOAD_SHOTGUN_SHELL","","GUN_EMPTY_01","GUN_EMPTY_02","BULLET_SHOTGUN_SLUG","1","200.0","","1","0.0","0.7","1.8","","0.05","525.0","","","false","false","","true","","240.0"
"Gun","Breacher","true","WPN_SHOTGUN_SLUG_M590","WEAPON_SHOTGUN_SLUG_M590","WPNALT_SLUG","","MUZZLE_M1","UPGRADE_SHOTGUN_ALT_SLUG","","WPNSCRIPT_RESET_WEAPONS","","","","true","","100.0","","1.0","","0.03","0.0","0.0","","1.0","-1","","","0.5","false","0","","true","false","true","false","2","","GUN_SLUG_01_PUMP","GUN_SLUG_02_PUMP","RELOAD_SHOTGUN_SHELL","","GUN_EMPTY_01","GUN_EMPTY_02","BULLET_SHOTGUN_SLUG","1","200.0","","1","0.0","0.7","1.8","","0.05","525.0","","","false","false","","true","","240.0"
"Gun","Breacher","true","WPN_SHOTGUN_SLUG_M870","WEAPON_SHOTGUN_SLUG_M870","WPNALT_SLUG","-0.055","MUZZLE_M1","UPGRADE_SHOTGUN_ALT_SLUG","","WPNSCRIPT_RESET_WEAPONS","","","","true","","100.0","","1.0","","0.03","0.0","0.0","","1.0","-1","","","0.5","false","0","","true","false","true","false","2","","GUN_SLUG_01_PUMP","GUN_SLUG_02_PUMP","RELOAD_SHOTGUN_SHELL","","GUN_EMPTY_01","GUN_EMPTY_02","BULLET_SHOTGUN_SLUG","1","200.0","","1","0.0","0.7","1.8","","0.05","525.0","","","false","false","","true","","240.0"
"Gun","Breacher","true","WPN_SHOTGUN_SLUG_JCOMBAT","WEAPON_SHOTGUN_SLUG_JCOMBAT","WPNALT_SLUG","","MUZZLE_M1","UPGRADE_SHOTGUN_ALT_SLUG","","WPNSCRIPT_RESET_WEAPONS","","","","true","","100.0","","1.0","","0.03","0.0","0.0","","1.0","-1","","","0.5","false","0","","true","false","true","false","2","","GUN_SLUG_01","GUN_SLUG_02","RELOAD_SHOTGUN_SHELL","","GUN_EMPTY_01","GUN_EMPTY_02","BULLET_SHOTGUN_SLUG","1","200.0","","1","0.0","0.7","1.8","","0.05","525.0","","","false","false","","true","","240.0"
"Melee","Shield","true","WPN_SHIELD_MELEE","","WPNALT_BASH","","","","","","","","","true","","","","","","0.0","0.0","0.0","","1.0","-1","0","0.0","1.6","false","0","","false","false","false","false","","","HIT_MELEE_SHIELD_01","","","","","","BULLET_MELEE","1","35.0","45.0","5","0.0","0.2","2500.0","","1.5","160.0","","","true","true","","","",""
"Special","Shield","true","WPN_SHIELD_FLASH","","WPNALT_FLASH","","","","","","","","","true","","","","1.0","","0.0","0.0","0.0","","1.0","-1","0","0.0","0.095","false","0","","true","false","false","false","","","SHIELD_FLASH_DISCHARGE","","","","","","BULLET_INVISIBLE","1","1.0","","0","0.0","0.01","0.0","","","1.0","EXPLO_SHIELD_FLASH","true","","","","","",""
"Gun","Breacher","true","WPN_SA_SHOTGUN_INCENDIARY","WEAPON_INCENDIARY","","","MUZZLE_SHOTGUN2","UPGRADE_BREACHER_INCENDIARY","","WPNSCRIPT_RESET_WEAPONS","","","","true","false","0.3","","1.0","","0.2","0.2","0","0","0","8","0","0.4","3","false","0","","true","false","true","false","1","","GUN_JC_SHOTGUN_01","GUN_JC_SHOTGUN_02","RELOAD_SHOTGUN_SHELL","","GUN_EMPTY_01","GUN_EMPTY_02","BULLET_SHOTGUN_INCENDIARY","20","6.0","5.0","0","0.005","0.25","0.01","","5.5","600.0","EXPLO_BURN_DOT","","true","true","false","true","0","300.0"
"Gun","Shield","true","WPN_SA_UZZI","WEAPON_UZZI","","","MUZZLE_SMG1","UPGRADE_SHIELD_SUBMACHINEGUN","","WPNSCRIPT_RESET_WEAPONS","","","","false","true","0.2","","1.0","","0.16","0.25","0.01","1","1.1","25","0","1.0","15.0","false","","","true","false","true","false","0","","GUN_ENEMY_MAC10_01","GUN_ENEMY_MAC10_02","RELOAD_TACTICAL","","GUN_EMPTY_01","GUN_EMPTY_02","BULLET_TRACER1","1","16.0","","0","0.0","0.22","0.2","0.05","0.025","1000.0","","","false","false","","","","240.0"
"Gun","Assaulter","true","WPN_SA_MK48MOD1","WEAPON_MK48MOD1","","","","UPGRADE_ASSAULTER_MK48","","WPNSCRIPT_RESET_WEAPONS","","","","false","true","0.55","","1.0","","0.05","0.25","0.05","1","3.0","50","0","1.0","11.0","false","0","","true","false","true","false","0","","GUN_M249_01","GUN_M249_02","RELOAD_TACTICAL","","GUN_EMPTY_01","GUN_EMPTY_02","BULLET_TRACER1","1","33.0","","3","0.0","0.22","0.3","0.05","0.025","1000.0","","","false","false","false","","0.6","240.0"
"Gun","Breacher","true","WPN_SA_BREACHER_SAW","WEAPON_SAW","","","","UPGRADE_SAW_BREACHER","","WPNSCRIPT_RESET_WEAPONS","WPNSCRIPT_RESET_WEAPONS","","","false","","0.2","","","","0.0","0.0","0.0","","1.0","25","0","0.0","10.0","false","0","","false","false","false","false","","","SAW_DOWN","","","","","","BULLET_MELEE_SAW","1","200.0","20.0","0","0.0","0.1","1000.0","","0.5","160.0","","","true","true","","true","",""
"Gun","Agent","true","WPN_SA_FBI_AKIMBO","WEAPON_AKIMBO","","","MUZZLE_S1","UPGRADE_FBI_AKIMBO","","WPNSCRIPT_RESET_WEAPONS","","","","true","false","0.1","","1.0","","0.08","0.2","0.05","1.1","2.6","32","0","1.0","7.0","false","0","","true","false","true","false","0","","GUN_MP40_01","GUN_MP40_02","RELOAD_REVOLVER","","GUN_EMPTY_01","GUN_EMPTY_02","BULLET_TRACER1","1","40.0","","1","0.01","0.24","0.8","0.05","0.05","1000.0","","","false","false","true","","","160.0"
"Gun","Agent","true","WPN_SA_FBI_AKIMBO_ALT","","WPNALT_AKIMBO_DUAL","","","UPGRADE_FBI_AKIMBO_ALT","","WPNSCRIPT_RESET_WEAPONS","","","","true","false","0.1","","1.0","","0.08","0.2","0.05","1.1","2.6","32","0","1.0","7.0","false","0","","true","false","true","false","0","true","GUN_MP40_01","GUN_MP40_02","RELOAD_REVOLVER","","GUN_EMPTY_01","GUN_EMPTY_02","BULLET_TRACER1","1","40.0","","1","0.01","0.24","0.8","0.05","0.05","1000.0","","","false","false","true","","","160.0"
"Gun","Agent","true","WPN_SA_FBI_MP5K","WEAPON_MP5K","","","MUZZLE_SMG1","UPGRADE_FBI_MP5K","","WPNSCRIPT_RESET_WEAPONS","","","","false","true","0.13","","1.0","","0.062","0.28","0.0165","1.1","0.9","30","0","1.0","15.0","false","","","true","false","true","false","0","","GUN_MP5_01","GUN_MP5_02","RELOAD_TACTICAL","","GUN_EMPTY_01","GUN_EMPTY_02","BULLET_TRACER1","1","20.0","","0","0.0","0.25","0.2","0.05","0.025","1000.0","","","false","false","","","","240.0"
"Gun","Agent","true","WPN_SA_FBI_MP5K_CHERRY_DARLING","WEAPON_MP5K","","","MUZZLE_SMG1","UPGRADE_FBI_MP5K","","WPNSCRIPT_RESET_WEAPONS","","","","false","true","0.13","","1.0","","0.062","0.14","0.0082","0.55","0.9","30","0","1.0","15.0","false","","","true","false","true","false","0","","GUN_MP5_01","GUN_MP5_02","RELOAD_TACTICAL","","GUN_EMPTY_01","GUN_EMPTY_02","BULLET_TRACER1","1","20.0","","0","0.0","0.25","0.2","0.05","0.025","1000.0","","","false","false","","","","240.0"
"Gun","Recon","true","WPN_SA_RECON_MARKSMAN","WEAPON_MARKSMAN","","","MUZZLE_M1","UPGRADE_RECON_MARKSMAN","","WPNSCRIPT_RESET_WEAPONS","","","","true","false","100.0","0.65","1.0","","0.062","0.28","0.0165","1.1","0.9","5","0","1.0","2.0","true","","","true","false","false","false","0","","GUN_MARKSMAN_RIFLE_01","GUN_MARKSMAN_RIFLE_02","","","","","BULLET_INVISIBLE","1","80.0","","0","0.0","0.25","0.0","0.05","0.025","1000.0","","","false","false","true","","","240.0"
"Gun","Recon","true","WPN_SA_RECON_MARKSMAN_ALT","","WPNALT_SWITCH_TARGET","","","UPGRADE_RECON_MARKSMAN","","","","","","true","","","","","","","","","","","-1","0","0.0","4.0","","","","true","true","true","true","","","","","","","","","","","","","","","","","","","","","","","","","","",""
"Melee","Shared","","WPN_PLAYER_MELEE","","","","","","","","","","","true","","100.0","","","","0.0","0.0","0.0","","1.0","-1","0","0.0","3.0","false","0","","false","false","false","false","","","MELEE_EMPTY1","MELEE_EMPTY2","","","","","BULLET_MELEE","1","25.0","35.0","5","0.0","0.1","8750.0","","1.4","160.0","","","true","true","","","",""
"Melee","Agent","","WPN_FBI_KNIFE","","","","","","","","","","","true","","100.0","","","","0.0","0.0","0.0","","1.0","-1","0","0.0","8.0","false","0","","false","false","true","false","","","","","","","","","BULLET_MELEE","1","40.0","5.0","2","0.0","0.1","550.0","","0.35","160.0","","","true","true","","","",""
"Breach","Shared","","WPN_PLAYER_BREACH_MELEE","","","","","","","","","","","true","","100.0","","","","0.0","0.0","0.0","","1.0","-1","0","0.0","3.0","false","0","","false","false","false","false","","","","","","","","","BULLET_MELEE","1","25.0","35.0","5","0.0","0.1","8750.0","","1.4","160.0","","","true","true","","","",""
"Breach","Agent","","WPN_PLAYER_BREACH_MELEE_FBI","","","","","","","","","","","true","","100.0","","","","0.0","0.0","0.0","","1.0","-1","0","0.0","3.0","false","0","","false","false","false","false","","","","","","","","","BULLET_MELEE","1","25.0","25.0","5","0.0","0.1","8750.0","","1.4","160.0","","","true","true","","","",""
"Gear","Shared","","WPN_GRENADE","","GEAR_GRENADE","","","","","","","","","true","","","","","","0.0","0.0","0.0","","0.0","3","0","0.0","1.0","false","1","USE_GRENADE","true","true","true","true","","","","","","","","","BULLET_GRENADE_ROUND","1","1.0","","","","1.65","","","","170.0","","","","","","","",""
"Gear","Shared","","WPN_SMOKE_GRENADE","","GEAR_SMOKE_GRENADE","","","","","","","","","true","","","","","","0.0","0.0","0.0","","0.0","3","0","0.0","1.0","false","1","USE_SMOKE","true","true","true","true","","","","","","","","","BULLET_SMOKE_GRENADE","1","1.0","","","","8.0","","","","130.0","","","","","","","",""
"Gear","Shared","","WPN_FLASHBANG","","GEAR_FLASHBANG","","","","","","","","","true","","","","","","0.0","0.0","0.0","","0.0","3","0","0.0","1.0","false","1","USE_FLASHBANG","true","true","true","true","","","","","","","","","BULLET_FLASHBANG","1","1.0","","","","0.5","","","","200.0","","","","","","","",""
"Gear","Recon","","WPN_CAM_BALL","","GEAR_CAM_BALL","","","","","","","","","true","","","","","","0.0","0.0","0.0","","0.0","3","0","0.0","1.0","false","1","","true","true","true","true","","","","","","","","","BULLET_CAM_BALL","1","1.0","","","","4.5","","","","150.0","EXPLO_FAKE_CAM_BALL","","","","","","",""
"Gear","Breacher","","WPN_BREACHER_PISTOL_GEAR","","WPNALT_EQUIP_PISTOL","","","UPGRADE_PISTOL_BREACHER_GEAR","WPN_SCRIPT_SET_BREACHERPISTOL","","","","","true","false","","","","","","","","","","4","0","0.0","0.5","","","","true","true","true","true","","","","","","","","","BULLET_INVISIBLE","1","1.0","","","","0.25","","","","0.25","","","","","","","",""
"Gear","Breacher","","WPN_PISTOL_1911_BREACHER","WEAPON_PISTOL_1911","","","MUZZLE_S1","UPGRADE_PISTOL_BREACHER","","WPNSCRIPT_RESET_WEAPONS","","","","false","false","0.0","","1.0","","0.05","0.5","0.17","1.0","1.6","7","0","1.3","4.5","true","0","","true","false","true","false","0","","GUN_1911_45ACP_01","GUN_1911_45ACP_02","","","GUN_EMPTY_01","GUN_EMPTY_02","BULLET_TRACER1","1","51.0","","0","0.0135","0.25","0.09","0.0","0.05","1000.0","","","false","false","true","","","160.0"
"Gear","ODG","","WPN_TWINKIE","","WPNALT_EQUIP_TWINKIE","","","","WPN_SCRIPT_USE_TWINKIE","","","","","true","false","","","","","","","","","","1","0","0.0","0.05","","","","true","true","true","true","","","","","","","","","BULLET_DULL","1","1.0","","","","0.25","","","","0.25","","","","","","","",""
"Gear","Shared","","WPN_BREACHING_CHARGE","","GEAR_CHARGE","","","","","","","","","true","","","","","","0.0","0.0","0.0","","0.0","2","0","0.0","1.0","false","1","USE_BREACHING_CHARGE","true","true","true","true","","","","","","","","","BULLET_BREACHING_CHARGE","1","1.0","","","","1.0","","","","150.0","","","","","","","",""
"Gear","Shared","","WPN_SPEED_LOADER","","GEAR_SPEED_LOADER","","","UPGRADE_GEAR_SPEED_LOADER","","","","","","true","","","","","","","","","","","2","0","0.0","1.0","","","","true","true","true","false","","","","","","","","","","","","","","","","","","","","","","","","","","",""
"Gear","Shared","","WPN_MAG_READY","","GEAR_MAG_READY","","","UPGRADE_GEAR_MAG_READY","","","","","","true","","","","","","","","","","","-1","0","0.0","0.1","","","","true","true","true","false","","","RELOAD_TACTICAL","","","","","","","","","","","","","","","","","","","","","","","",""
"Gear","Recon","","WPN_SPY_CAMERA","","GEAR_SPY_CAMERA","","","UPGRADE_GEAR_SPY_CAMERA","","","","","","true","","","","","","","","","","","6","0","0.0","0.2","","","","true","false","false","false","","","","","","","","","","","","","","","","","","","","","","","","","","",""
"Gear","Breacher","","WPN_DROP_SAW","","WPNALT_DROP_SAW","","","","","","","","","false","","","","","","","","","","","-1","0","0.0","1.0","","","","true","true","true","true","","","","","","","","","","","","","","","","","","","","","","","","","","",""
